{
  "_provenance": {
    "experiment": "Exp 079",
    "method": "Monte Carlo uncertainty propagation through FAO-56 PM",
    "created": "2026-03-07",
    "baseline_script": "control/mc_et0/mc_et0_propagation.py",
    "baseline_command": "python3 control/mc_et0/mc_et0_propagation.py",
    "baseline_commit": "1c11763",
    "python_version": "3.10.12",
    "repository": "ecoPrimals/airSpring",
    "references": [
      "Allen RG et al. (1998) FAO-56 Crop Evapotranspiration",
      "Gong L et al. (2006) Sensitivity of Penman-Monteith ET\u2080",
      "groundSpring Exp 003: Humidity dominates ET\u2080 uncertainty at 66%"
    ],
    "reproduction_note": "Deterministic Lehmer LCG seed=42; fully reproducible"
  },
  "base_input": {
    "description": "FAO-56 Example 18 (Uccle, Belgium, July 6)",
    "tmin": 12.3,
    "tmax": 21.5,
    "rs_mj": 22.07,
    "u2_ms": 2.078,
    "ea_kpa": 1.409,
    "elevation_m": 100.0,
    "latitude_deg": 50.8,
    "doy": 187
  },
  "default_uncertainties": {
    "sigma_tmax_c": 0.4,
    "sigma_tmin_c": 0.4,
    "sigma_rh_max_pct": 4.0,
    "sigma_rh_min_pct": 4.0,
    "sigma_wind_frac": 0.08,
    "sigma_rs_frac": 0.07,
    "source": "groundSpring V73 Exp 003 Table 2"
  },
  "test_default_n2000": {
    "et0_central": 3.879916270527055,
    "et0_mean": 3.890082234589489,
    "et0_std": 0.1906536237305514,
    "et0_p05": 3.563601730650829,
    "et0_p95": 4.203458305560306,
    "n_samples": 2000
  },
  "test_zero_uncertainty": {
    "et0_central": 3.879916270527055,
    "et0_mean": 3.879916270527031,
    "et0_std": 2.398081733190338e-14,
    "et0_p05": 3.879916270527055,
    "et0_p95": 3.879916270527055,
    "n_samples": 500
  },
  "test_high_uncertainty": {
    "et0_central": 3.879916270527055,
    "et0_mean": 3.915094004798193,
    "et0_std": 0.42424552433904833,
    "et0_p05": 3.1933715865805947,
    "et0_p95": 4.62815971875311,
    "n_samples": 2000
  },
  "test_arid_climate": {
    "et0_central": 7.682420028453224,
    "et0_mean": 7.677174907954461,
    "et0_std": 0.34190001966219363,
    "et0_p05": 7.146893501225548,
    "et0_p95": 8.248822482436955,
    "n_samples": 2000,
    "location": "Phoenix AZ (synthetic)"
  },
  "test_humid_climate": {
    "et0_central": 4.787621132451786,
    "et0_mean": 4.793713167922238,
    "et0_std": 0.2355778432864863,
    "et0_p05": 4.390679784638456,
    "et0_p95": 5.193540951527462,
    "n_samples": 2000,
    "location": "East Lansing MI"
  },
  "convergence": [
    {
      "n": 100,
      "mean": 3.9150680322829863,
      "std": 0.17101294117295998
    },
    {
      "n": 500,
      "mean": 3.8976279941118213,
      "std": 0.1887007951877978
    },
    {
      "n": 1000,
      "mean": 3.9005463140622867,
      "std": 0.18959686189516237
    },
    {
      "n": 2000,
      "mean": 3.890082234589489,
      "std": 0.1906536237305514
    },
    {
      "n": 5000,
      "mean": 3.88836867784032,
      "std": 0.19433011153329216
    }
  ],
  "thresholds": {
    "mean_near_central_mm": 0.5,
    "std_min_mm": 0.05,
    "std_max_mm": 2.0,
    "ci90_min_width_mm": 0.1,
    "zero_unc_std_max": 0.01,
    "convergence_stability_pct": 20.0
  }
}